sr.no,Age,KM,Weight,HP,MetColor,CC,Doors,Price
0,23,46986,1165,90,1,2000,3,13500
1,23,72937,1165,90,1,2000,3,13750
2,24,41711,1165,90,1,2000,3,13950
3,26,48000,1165,90,0,2000,3,14950
4,30,38500,1170,90,0,2000,3,13750
5,32,61000,1170,90,0,2000,3,12950
6,27,94612,1245,90,1,2000,3,16900
7,30,75889,1245,90,1,2000,3,18600
8,27,19700,1185,192,0,1800,3,21500
9,23,71138,1105,69,0,1900,3,12950
10,25,31461,1185,192,0,1800,3,20950
11,22,43610,1185,192,0,1800,3,19950
12,25,32189,1185,192,0,1800,3,19600
13,31,23000,1185,192,1,1800,3,21500
14,32,34131,1185,192,1,1800,3,22500
15,28,18739,1185,192,0,1800,3,22000
16,30,34000,1185,192,1,1800,3,22750
17,24,21716,1105,110,1,1600,3,17950
18,24,25563,1065,110,0,1600,3,16750
19,30,64359,1105,110,1,1600,3,16950
20,30,67660,1105,110,1,1600,3,15950
21,29,43905,1170,110,0,1600,3,16950
22,28,56349,1120,110,1,1600,3,15950
23,28,32220,1120,110,1,1600,3,16950
24,29,25813,1120,110,1,1600,3,16250
25,25,28450,1120,110,1,1600,3,15950
26,27,34545,1120,110,1,1600,3,17495
27,29,41415,1120,110,1,1600,3,15750
28,28,44142,1120,110,0,1600,3,16950
29,30,11090,1120,110,1,1600,3,17950
30,29,9750,1100,97,1,1400,3,12950
31,22,35199,1100,97,1,1400,3,15750
32,27,29510,1100,97,1,1400,3,15950
33,26,32692,1100,97,1,1400,3,14950
34,22,41000,1100,97,1,1400,3,15500
35,26,43000,1100,97,0,1400,3,15750
36,25,25000,1100,97,0,1400,3,15950
37,23,10000,1100,97,1,1400,3,14950
38,61,25329,1100,97,1,1400,3,15750
39,27,27500,1100,97,0,1400,3,14750
40,22,49059,1100,97,0,1400,3,13950
41,27,44068,1100,97,1,1400,3,16750
42,22,46961,1100,97,0,1400,3,13950
43,27,110404,1255,90,0,2000,5,16950
44,22,100250,1255,90,0,2000,5,16950
45,23,84000,1270,90,0,2000,5,19000
46,27,79375,1255,90,1,2000,5,17950
47,22,75048,1110,97,1,1400,5,15800
48,22,72215,1255,90,1,2000,5,17950
49,31,64982,1195,192,1,1800,5,21950
50,22,62636,1255,90,1,2000,5,17950
51,30,57086,1110,97,1,1400,5,15750
52,26,56000,1180,110,1,1600,5,20500
53,27,49866,1195,192,1,1800,5,21950
54,25,49163,1165,110,0,1600,5,15500
55,32,45725,1075,110,1,1600,5,13250
56,28,43210,1110,97,0,1400,5,15250
57,26,43000,1110,97,0,1400,5,15250
58,23,39704,1180,110,1,1600,5,18950
59,30,38950,1130,110,1,1600,5,15999
60,22,37400,1110,97,1,1400,5,14950
61,27,37177,1130,110,0,1600,5,16500
62,31,36544,1130,110,1,1600,5,18750
63,30,33511,1130,110,1,1600,5,17950
64,27,32809,1110,97,1,1400,5,17950
65,26,32181,1075,110,1,1600,5,16950
66,28,30993,1130,110,1,1600,5,18950
67,22,30400,1110,97,1,1400,5,14950
68,22,30000,1275,110,1,2000,5,22250
69,25,29719,1110,97,1,1400,5,15950
70,28,29206,1110,97,1,1400,5,15950
71,32,29198,1060,97,1,1400,5,12995
72,28,28817,1130,110,1,1598,5,18950
73,61,28227,1110,97,1,1400,5,15750
74,28,28000,1130,110,0,1600,5,19950
75,23,28000,1115,110,1,1600,5,16950
76,31,25266,1130,110,1,1600,5,18750
77,27,23489,1115,110,0,1600,5,18450
78,29,22575,1115,110,1,1600,5,16895
79,30,22000,1110,97,1,1400,5,14900
80,25,20019,1180,110,1,1600,5,18950
81,29,20000,1115,110,1,1600,5,17250
82,25,17003,1110,97,1,1400,5,15450
83,31,16238,1180,110,1,1600,5,17950
84,25,15414,1110,97,1,1400,5,16650
85,28,8537,1130,110,1,1600,5,17450
86,30,7000,1100,97,1,1400,5,14900
87,20,66966,1245,90,1,2000,3,17950
88,19,51884,1100,97,1,1400,3,15950
89,19,50005,1265,110,1,2000,3,21950
90,20,48110,1100,97,1,1400,3,16450
91,20,37500,1260,90,1,2000,3,22250
92,16,34472,1260,90,1,1995,3,19950
93,20,33329,1100,97,1,1400,3,15950
94,20,31850,1120,110,0,1600,3,18900
95,17,30351,1260,90,1,1995,3,19950
96,19,29435,1100,97,1,1400,3,15950
97,19,25948,1100,97,1,1400,3,15950
98,11,24500,1120,110,1,1600,3,18750
99,18,23902,1100,97,1,1400,3,17450
100,20,23175,1120,110,1,1600,3,18990
101,19,19200,1100,97,1,1400,3,16250
102,13,18000,1125,71,0,1400,3,18500
103,11,16123,1105,110,1,1600,3,18500
104,11,14635,1155,110,1,1600,3,19450
105,19,13748,1100,97,1,1400,3,16950
106,14,11500,1045,110,1,1600,3,18800
107,17,10000,1100,97,1,1400,3,17450
108,20,7187,1105,110,1,1600,3,17950
109,4,1,1320,116,0,2000,5,32500
110,4,4000,1320,116,1,2000,5,31000
111,4,1500,1320,116,1,2000,5,31275
112,8,13253,1320,116,1,2000,5,24950
114,7,10000,1270,116,1,2000,5,22950
115,8,6000,1280,90,1,2000,5,24990
116,8,10841,1270,90,1,2000,5,21950
117,7,1,1105,110,1,1600,3,17900
118,20,63000,1255,90,1,2000,5,19250
119,17,57313,1275,110,1,2000,5,22250
120,13,57037,1115,110,0,1600,5,18950
121,19,51099,1255,90,1,2000,5,19950
122,14,40010,1115,110,1,1600,5,16350
123,20,39115,1130,110,1,1600,5,18950
124,17,36012,1130,110,0,1600,5,16950
125,16,36000,1130,110,1,1600,5,21750
126,20,36000,1075,110,1,1600,5,15950
127,20,35000,1110,97,1,1400,5,16500
128,17,33740,1135,97,1,1400,5,17950
129,13,33477,1075,110,1,1600,5,15850
130,20,32627,1110,97,1,1400,5,16250
131,20,29797,1110,97,1,1400,5,15950
132,19,29441,1110,97,1,1400,5,16250
133,13,29371,1105,110,1,1600,4,15950
134,20,29000,1110,97,0,1400,5,16500
135,19,27821,1110,97,0,1400,5,16500
136,19,27371,1135,97,0,1400,5,18450
137,13,25170,1105,110,1,1600,5,16250
138,11,25000,1320,116,1,2000,5,23000
139,20,23000,1130,110,1,1600,5,19900
140,20,22588,1110,97,1,1400,5,16450
141,19,21684,1185,192,1,1800,5,23950
142,13,21428,1130,110,1,1600,5,19950
143,16,20629,1090,110,1,1600,4,18500
144,15,20270,1130,110,1,1600,5,18950
145,16,20105,1110,97,0,1400,5,16450
146,20,20000,1165,110,0,1600,5,20500
147,13,19988,1130,110,1,1600,5,24500
148,19,18328,1130,110,0,1600,5,19450
149,14,17896,1150,110,1,1600,4,20950
150,20,17300,1110,97,1,1400,5,17200
151,19,17038,1130,110,0,1600,5,19950
152,10,13747,1110,97,1,1400,5,18450
153,12,13634,1115,110,1,1600,5,19500
154,13,13178,1130,110,1,1600,5,21750
155,15,13157,1085,97,1,1400,4,16868
156,16,13000,1105,110,1,1600,4,19500
157,11,12500,1115,110,1,1600,5,18900
158,17,11999,1130,110,1,1600,5,19750
159,16,11754,1180,110,0,1600,5,19750
160,16,11000,1105,110,1,1600,4,18950
161,17,10000,1105,110,0,1598,5,20750
162,9,7650,1115,110,1,1600,5,19600
163,14,6500,1100,110,1,1600,4,19500
164,11,6155,1110,97,1,1400,5,17650
165,14,6000,1130,110,0,1600,5,19950
166,14,5459,1130,110,1,1600,5,19950
167,14,5278,1150,110,1,1600,4,20950
168,12,5000,1130,110,1,1600,5,20500
169,9,1,1065,98,1,1400,4,17795
170,9,1,1075,110,1,1600,5,18245
171,8,11000,1130,110,1,1600,5,23750
172,8,10077,1110,97,1,1400,5,19500
173,8,10000,1110,97,1,1400,5,18950
174,8,9788,1130,110,1,1600,5,21950
175,8,8574,1130,110,1,1600,5,19950
176,8,7000,1115,110,0,1600,5,18950
177,7,6250,1115,110,1,1600,5,19950
178,8,5000,1130,110,1,1600,5,21950
179,6,3000,1130,110,0,1600,5,22500
180,7,2000,1075,110,0,1600,5,18500
181,7,450,1110,97,1,1400,5,18700
182,2,225,1110,97,1,1400,5,21125
183,2,15,1130,110,1,1600,5,21500
184,1,1,1100,98,1,1400,4,17795
185,1,1,1075,110,1,1600,5,18245
186,43,243000,1110,69,0,1900,3,6950
187,38,180638,1160,90,0,2000,4,9500
188,40,179860,1205,90,1,2000,5,11950
189,43,178858,1084,110,0,1600,3,7750
190,40,161000,1105,69,1,1900,3,11950
191,44,158320,1110,69,0,1800,5,4350
192,44,131273,1110,69,1,1800,5,4750
193,40,130062,1140,69,1,1900,5,11750
194,41,123425,1140,69,1,1900,5,13250
195,37,118217,1075,110,1,1600,5,11950
196,44,110000,1095,69,1,1900,5,11900
197,39,108847,1205,90,1,2000,5,14750
198,42,105699,1025,97,1,1400,3,9950
199,39,98823,1119,110,1,1600,5,11950
200,44,96829,1075,110,1,1600,5,11495
201,40,96518,1025,97,1,1400,3,11250
202,42,92204,1075,110,1,1600,5,10500
203,35,91456,1110,69,1,1900,3,10450
204,43,89968,1140,69,1,1900,5,12950
205,44,89757,1045,110,1,1600,3,11500
206,40,85389,1075,110,1,1600,5,12500
207,43,85017,1060,97,0,1400,5,10950
208,41,84312,1080,110,0,1600,5,11450
209,37,82743,1121,110,1,1600,5,11950
210,41,81106,1140,69,1,1900,5,13250
211,40,80425,1205,90,1,2000,5,14750
212,34,78677,1105,110,1,1600,5,11790
213,40,78425,1075,110,1,1600,5,11450
214,33,78108,1170,90,1,2000,3,13500
215,33,77321,1075,110,1,1600,5,10950
216,33,75699,1105,69,0,1900,3,13500
217,41,75697,1025,97,1,1400,3,10950
218,44,74846,1025,97,1,1400,3,10950
219,38,74319,1075,110,1,1600,5,12950
220,43,74285,1075,110,1,1600,5,11950
221,44,74172,1320,110,1,1600,5,12450
222,40,73042,1075,110,1,1598,5,11950
223,44,71793,1067,110,1,1600,4,14950
224,35,71200,1075,110,1,1600,5,12450
225,38,67805,1075,110,1,1600,5,12950
226,35,65988,1040,110,1,1600,3,11950
227,34,65345,1060,97,1,1400,5,11690
228,42,64564,1080,110,1,1600,5,12450
229,36,63459,1060,97,1,1400,5,12750
230,44,63451,1025,97,0,1400,3,11925
231,33,62000,1075,110,1,1600,5,12950
232,42,61300,1030,97,1,1400,3,11950
233,41,61200,1045,110,1,1600,3,12900
234,41,61000,1075,110,0,1600,5,11900
235,38,60829,1075,110,1,1600,5,11650
236,44,60500,1075,110,0,1600,5,10950
237,35,59500,1110,69,1,1900,3,13950
238,44,59000,1110,110,0,1600,5,13950
239,40,58954,1080,110,1,1600,5,11950
240,38,58798,1075,110,1,1600,5,10950
241,38,58363,1055,110,1,1600,3,12450
242,43,58277,1045,110,1,1600,3,11950
243,33,57711,1165,90,1,2000,3,13500
244,33,57269,1075,110,1,1600,5,11690
245,39,56001,1075,110,1,1600,5,13500
246,42,55968,1050,110,0,1600,3,11950
247,39,55678,1030,110,1,1600,4,12900
248,43,55539,1085,110,1,1600,5,13500
249,42,55400,1075,110,0,1600,5,11750
250,33,55350,1075,110,0,1600,5,11750
251,43,54600,1030,110,0,1600,4,10850
252,43,53773,1075,110,1,1600,5,11750
253,42,53719,1105,110,1,1600,5,14950
254,39,53644,1075,110,1,1600,5,9940
255,42,53350,1075,110,0,1600,5,12900
256,38,53000,1075,110,1,1600,5,13500
257,44,52084,1025,97,1,1400,3,11750
258,44,52000,1025,97,0,1400,3,11950
259,33,51945,1075,110,1,1600,5,13450
260,41,51732,1025,97,1,1400,3,11950
261,39,50873,1075,110,1,1600,5,12495
262,41,50856,1030,110,0,1600,4,13500
263,40,50640,1075,110,1,1600,5,12750
264,39,50000,1060,97,1,1400,5,12000
265,38,49500,1075,110,1,1600,5,11950
266,44,49332,1080,110,1,1600,5,12495
267,34,49291,1040,110,1,1600,3,12450
268,40,48952,1205,90,1,2000,5,14750
269,39,48945,1040,110,0,1600,3,10950
270,33,48928,1105,69,1,1900,3,13500
271,38,48197,1075,110,1,1600,5,12950
272,35,48052,1105,69,1,1900,3,13500
273,34,48011,1030,110,1,1600,4,13450
274,43,48000,1075,110,1,1600,5,13500
275,41,47350,1075,110,1,1600,5,11480
276,39,46821,1060,97,1,1400,5,13450
277,39,46694,1040,110,0,1600,3,11495
278,43,46515,1025,97,0,1400,5,12750
279,38,46327,1055,110,1,1600,3,14990
280,35,46304,1060,97,1,1400,5,12950
281,40,45886,1080,110,1,1600,5,12950
282,39,45713,1085,97,1,1400,5,12850
283,40,45600,1105,110,1,1600,5,13950
284,41,45287,1075,110,1,1600,5,11950
285,39,45081,1075,110,1,1600,5,12950
286,40,44830,1075,110,1,1600,5,11700
287,37,44757,1025,97,0,1400,3,9950
288,44,44218,1060,97,1,1400,5,11895
289,43,43632,1075,110,1,1600,5,12950
290,36,43427,1040,110,1,1600,3,12500
291,39,43254,1075,110,1,1600,5,13875
292,35,43000,1050,110,0,1600,3,10500
293,33,42823,1075,110,1,1600,5,12295
294,42,42560,1080,110,1,1600,5,13950
295,38,41754,1040,110,0,1600,3,10950
296,44,41499,1103,110,1,1600,5,12950
297,40,41339,1080,110,1,1600,5,12850
298,35,41000,1075,110,1,1600,5,13995
299,39,40000,1055,110,1,1600,3,13750
300,37,39757,1075,110,1,1600,5,12750
301,41,39659,1045,110,1,1600,3,12500
302,43,39650,1055,110,0,1600,3,13950
303,39,39524,1025,97,1,1398,3,11500
304,44,39516,1060,97,1,1400,5,13950
305,41,39439,1060,97,0,1400,5,11895
306,44,39000,1025,97,1,1400,3,9950
307,42,38932,1040,110,1,1600,3,13500
308,37,38812,1025,97,0,1400,3,11450
309,42,38665,1075,110,1,1600,5,12450
310,40,38653,1080,110,1,1600,5,12950
311,44,38461,1080,110,1,1600,5,13995
312,42,38078,1025,97,0,1400,3,11750
313,39,37782,1060,97,1,1400,5,11650
314,43,37576,1030,97,0,1400,3,9950
315,41,37533,1075,110,1,1600,5,13950
316,44,37389,1080,110,1,1600,5,12950
317,38,37320,1025,97,1,1400,3,10950
318,42,37000,1025,97,1,1400,3,9900
319,44,37000,1075,110,0,1600,4,11950
320,40,36566,1090,110,0,1600,5,11990
321,36,36269,1075,110,1,1600,5,10750
322,37,36074,1075,110,1,1600,5,13950
323,44,36066,1040,110,1,1600,3,11250
324,39,34599,1075,110,1,1600,5,12950
325,41,34000,1075,110,1,1600,5,11950
326,42,33623,1025,97,1,1400,3,10950
327,33,33591,1075,110,1,1600,5,12950
328,35,33258,1075,110,1,1600,5,12950
329,43,33113,1075,110,1,1600,5,11695
330,41,33000,1075,110,1,1600,5,11000
331,35,32941,1080,110,1,1600,5,13950
332,38,32781,1075,110,0,1600,5,11950
333,40,32532,1040,110,1,1600,3,11750
334,34,32431,1060,97,1,1400,5,12400
335,35,32000,1040,110,0,1600,3,12500
336,33,31000,1075,110,1,1600,5,12900
337,41,30989,1045,110,0,1600,3,12200
338,43,30742,1040,110,1,1600,3,12750
339,42,30190,1075,110,1,1600,5,11950
340,41,29716,1075,116,1,1600,5,11900
341,44,29716,1070,110,1,1600,3,11950
342,42,29640,1055,110,0,1600,3,14950
343,41,29056,1060,97,1,1400,5,11950
344,33,28715,1075,110,1,1600,5,12950
345,41,28571,1090,110,0,1600,5,14950
346,40,28362,1040,110,1,1600,3,13450
347,38,28150,1075,110,1,1600,5,13750
348,43,27301,1040,110,1,1600,3,12950
349,33,27240,1075,110,1,1600,5,12750
350,39,27170,1060,97,1,1400,5,11895
351,42,27141,1060,97,1,1400,5,9950
352,38,26262,1075,110,1,1600,5,12450
353,38,26000,1060,97,1,1400,5,12500
354,43,25228,1045,110,1,1600,3,14950
355,39,25062,1080,110,1,1600,5,13750
356,39,24723,1060,110,1,1600,4,12695
357,33,24650,1055,110,1,1600,3,14990
358,43,24553,1080,110,1,1600,5,12750
359,41,24475,1030,110,1,1600,5,14350
360,39,24444,1040,110,1,1600,3,12950
361,35,24011,1025,97,0,1400,3,11500
362,41,24000,1025,97,1,1400,3,11950
363,40,23616,1075,110,1,1600,5,13450
364,38,22865,1075,110,1,1600,5,12900
365,41,22780,1035,86,1,1300,5,10500
366,35,21904,1025,97,0,1400,3,10950
367,41,21651,1025,97,0,1400,3,11950
368,37,21500,1030,110,1,1600,5,11450
369,44,21027,1080,110,1,1600,5,13250
370,39,18500,1030,110,0,1600,4,10250
371,35,18000,1075,110,1,1600,5,13995
372,40,17051,1060,97,0,1400,5,11950
373,33,16512,1085,97,1,1400,5,13250
374,40,16325,1080,110,1,1600,5,12950
375,38,16000,1060,97,1,1400,5,11750
376,39,12000,1075,110,1,1600,5,11500
377,43,10000,1060,97,1,1400,5,13500
378,53,216000,1110,69,0,1900,3,6500
379,51,198167,1095,69,0,1900,4,6400
380,53,176000,1105,69,0,1900,3,7000
381,54,174139,1100,72,1,2000,4,7750
382,45,174000,1095,69,1,1900,5,8900
383,55,150000,1075,110,1,1600,3,8500
384,54,149329,1135,72,1,2000,5,8950
385,51,146736,1080,110,1,1600,5,9900
386,53,143513,1140,69,0,1900,5,10250
387,48,142130,1119,110,0,1600,5,9250
388,48,140700,1110,69,1,1900,5,7750
389,54,138394,1095,69,1,1900,4,9450
390,55,137000,1135,72,1,2000,5,7750
391,52,135258,1140,69,1,1900,5,8250
392,49,131364,1075,110,1,1600,5,9950
393,56,129155,1110,69,0,1800,5,4450
394,50,126110,1055,110,0,1600,3,9950
395,48,119742,1080,110,1,1600,5,9000
396,53,117913,1110,69,1,1900,5,9950
397,47,117430,1165,90,1,2000,3,12450
398,55,117175,1035,110,1,1600,4,10500
399,54,115558,1035,110,1,1600,4,10750
400,53,115113,1025,97,1,1400,3,8950
401,54,115046,1140,69,1,1900,5,10500
402,56,113997,1135,72,1,2000,5,5150
403,49,107859,1060,97,0,1400,5,10950
404,52,104805,1025,97,1,1400,3,9450
405,54,103454,1075,110,1,1600,5,9950
406,51,103018,1140,69,0,1900,5,10950
407,47,102352,1080,110,1,1600,5,11900
408,50,102030,1060,97,1,1400,5,9950
409,54,101352,1080,110,0,1600,5,11950
410,50,99865,1035,110,1,1600,4,7900
411,52,99323,1055,110,1,1600,3,10950
412,48,98100,1140,69,1,1900,5,8950
413,51,98040,1080,110,0,1600,5,11950
414,49,97600,1045,110,1,1600,3,10900
415,55,97234,1080,110,0,1600,5,9950
416,51,96135,1115,72,0,2000,3,9950
417,54,96100,1080,110,1,1600,5,10950
418,55,94401,1115,72,0,2000,3,8950
419,55,94122,1015,86,1,1300,3,8950
420,49,91340,1055,110,1,1600,3,10500
421,53,90200,1025,97,0,1400,3,8950
422,53,90097,1140,69,1,1900,5,9250
423,48,89049,1060,97,1,1400,5,11500
424,52,89000,1075,110,0,1600,5,9750
425,45,87274,1040,110,1,1600,3,9950
426,49,86221,1045,110,0,1600,3,11450
427,54,84598,1075,110,0,1600,5,12500
428,50,83567,1075,110,0,1600,5,10500
429,50,83106,1075,110,1,1600,5,12950
430,50,82805,1040,110,1,1600,3,12200
431,50,82735,1030,97,1,1400,3,10950
432,54,81905,1105,110,1,1600,5,10950
433,49,80320,1070,110,1,1600,3,11290
434,49,80090,1030,97,1,1400,3,10750
435,53,79800,1075,110,0,1600,5,10895
436,47,78785,1119,110,1,1600,5,11500
437,48,78600,1075,110,1,1600,5,9750
438,55,77780,1040,110,0,1600,3,10250
439,49,77648,1030,110,0,1600,4,12500
440,54,77270,1035,110,1,1600,4,11950
441,50,76167,1060,97,1,1400,5,10750
442,46,75249,1035,110,1,1600,4,11450
443,54,75231,1080,110,1,1600,5,11950
444,48,75045,1055,110,1,1600,3,11750
445,50,74849,1060,110,1,1600,4,10950
446,55,74715,1080,110,1,1600,5,11950
447,49,74656,1105,69,0,1900,3,10995
448,56,74500,1025,97,0,1400,3,11450
449,49,74494,1075,110,1,1600,5,8900
450,50,73634,1075,110,0,1587,5,10500
451,47,73403,1075,110,1,1600,5,11750
452,49,73175,1030,97,1,1400,3,11450
453,52,73000,1055,110,0,1600,3,12000
454,50,72242,1070,110,0,1600,3,11950
455,53,72000,1025,97,1,1400,3,9850
456,54,71725,1035,110,1,1600,4,10950
457,54,71276,1080,110,0,1600,5,10950
458,50,70440,1105,69,1,1900,3,8695
459,53,70239,1040,110,0,1600,3,10990
460,55,69813,1025,97,1,1400,3,9500
461,49,69659,1025,86,0,1300,3,11950
462,46,69574,1065,97,0,1400,5,10750
463,47,69000,1140,69,1,1900,5,8750
464,49,68565,1030,110,1,1600,4,8750
465,55,68520,1115,72,1,2000,3,11450
466,46,68414,1025,97,0,1400,3,9950
467,56,66777,1090,110,0,1600,5,11950
468,52,66527,1080,110,1,1600,5,13950
469,54,66063,1090,110,1,1600,5,11250
470,50,65471,1060,97,1,1400,5,10900
471,56,65400,1025,97,1,1400,3,9750
472,52,65170,1025,97,1,1400,3,9950
473,56,65000,1075,110,1,1600,5,11950
474,48,64193,1040,110,1,1600,3,10450
475,54,64000,1025,97,1,1400,3,8950
476,54,63792,1075,110,1,1600,5,10250
477,53,63635,1035,110,1,1600,4,9930
478,54,63135,1050,110,1,1600,3,10500
479,54,63123,1035,110,1,1600,4,11950
480,48,63000,1140,69,1,1900,5,11500
481,55,63000,1035,110,0,1600,4,11500
482,54,62987,1080,110,0,1600,5,11450
483,56,62751,1050,110,0,1600,3,9900
484,54,62519,1025,97,0,1400,3,9500
485,50,62280,1060,97,1,1400,5,10500
486,50,61672,1075,110,0,1600,5,10750
487,54,61000,1140,69,0,2000,5,8950
488,56,61000,1050,110,1,1600,3,12000
489,53,60558,1105,110,1,1600,4,9940
490,47,60348,1030,110,0,1600,4,10950
491,54,60239,1075,110,1,1600,5,10750
492,51,59000,1025,97,1,1400,3,9799
493,51,58761,1060,97,0,1300,5,11750
494,54,58745,1035,110,1,1600,4,11950
495,52,58596,1045,110,1,1600,3,11250
496,54,58530,1075,110,0,1600,5,11750
497,55,58377,1050,110,1,1600,3,10950
498,56,58142,1080,110,1,1600,5,11250
499,53,57948,1025,97,1,1400,3,9950
500,51,57645,1080,110,0,1600,5,9700
501,47,57500,1105,110,1,1600,4,11950
502,53,57475,1040,110,0,1600,3,9900
503,55,56743,1045,110,0,1600,3,9990
504,48,56675,1025,97,1,1400,3,9475
505,54,55877,1075,110,1,1600,5,11500
506,53,55500,1035,110,1,1600,4,11950
507,55,54900,1060,97,1,1400,5,11500
508,50,54465,1075,110,0,1600,5,10500
509,46,53700,1060,97,1,1400,5,10900
510,52,53561,1060,97,1,1400,5,11700
511,51,53408,1080,110,1,1600,5,11900
512,51,53268,1080,110,1,1600,5,13950
513,49,53116,1025,97,1,1400,3,10950
514,56,52448,1025,97,0,1400,3,10500
515,55,52149,1085,97,1,1400,3,10750
516,55,52141,1070,110,1,1600,5,11950
517,56,52000,1025,97,0,1400,3,10000
518,48,50967,1060,97,1,1400,5,10495
519,50,50400,1080,110,0,1600,5,11450
520,54,50000,1025,97,1,1400,3,9400
521,51,50000,1045,86,1,1300,5,11950
522,53,49969,1075,110,0,1600,5,9650
523,49,49568,1105,110,1,1600,3,18950
524,51,49473,1055,110,0,1600,3,11450
525,52,49432,1050,110,1,1600,3,10250
526,48,49417,1045,110,1,1600,3,11450
527,54,49366,1025,97,1,1400,3,9950
528,56,48731,1055,110,1,1600,3,10500
529,54,48370,1080,110,1,1600,5,13750
530,48,48071,1025,97,0,1400,3,9950
531,54,47852,1030,110,1,1600,4,10250
532,54,47768,1055,110,0,1600,3,10850
533,52,47689,1075,110,0,1600,5,11895
534,53,47451,1055,110,1,1600,3,12950
535,50,47219,1080,110,1,1600,5,11950
536,56,47211,1070,110,1,1600,5,10750
537,54,46856,1060,97,0,1400,5,9550
538,56,46500,1035,86,0,1300,5,10950
539,52,46449,1035,110,1,1600,4,11750
540,47,46391,1075,110,0,1600,5,10950
541,54,46230,1055,110,1,1600,3,12450
542,52,46029,1030,110,1,1600,4,10500
543,50,46000,1025,97,0,1400,3,10900
544,50,45900,1075,110,1,1600,5,12950
545,47,45850,1060,97,0,1400,5,10950
546,56,45336,1080,110,1,1600,5,12500
547,55,44537,1025,97,0,1400,3,9950
548,56,43700,1025,86,1,1300,3,10750
549,48,43120,1030,97,1,1400,3,12500
550,49,41710,1040,110,0,1600,3,10450
551,52,41700,1025,97,1,1400,3,10750
552,49,41636,1105,110,1,1600,5,12950
553,50,41273,1060,97,0,1400,5,10995
554,49,40836,1075,110,0,1600,3,11950
555,50,40400,1060,97,1,1400,5,11250
556,47,40361,1090,110,1,1600,5,11950
557,54,40325,1045,86,0,1300,5,13750
558,47,40000,1080,110,0,1600,5,11000
559,50,39706,1080,110,1,1600,5,13500
560,54,39291,1040,110,1,1600,3,10950
561,54,39000,1025,97,0,1400,3,10750
562,47,38900,1025,97,1,1400,3,8950
563,51,38403,1055,110,0,1600,3,12950
564,56,37461,1025,97,0,1400,3,9750
565,54,37000,1025,97,1,1400,3,10900
566,55,36406,1035,110,1,1600,4,10995
567,48,36005,1065,97,1,1400,5,10750
568,52,36000,1075,110,1,1600,5,10950
569,49,36000,1080,110,0,1600,5,13000
570,45,36000,1070,110,1,1600,3,12950
571,52,35823,1075,110,0,1600,5,11500
572,56,35230,1025,97,0,1400,3,10950
573,48,35142,1055,110,0,1600,3,11710
574,49,34890,1025,97,0,1400,3,9980
575,51,34882,1075,110,1,1600,5,12250
576,46,34000,1075,110,1,1600,5,11500
577,56,33998,1080,110,0,1600,5,11950
578,55,33230,1050,110,0,1600,3,11500
579,46,33021,1080,110,1,1600,5,11900
580,49,31999,1030,97,0,1400,3,11930
581,52,31579,1025,97,0,1400,3,10500
582,56,31000,1025,97,0,1400,3,8950
583,46,30806,1060,97,1,1400,5,10450
584,55,30461,1050,86,1,1300,5,10500
585,50,29686,1075,110,1,1600,3,12950
586,55,29650,1025,86,0,1300,3,9950
587,52,29500,1055,110,1,1600,3,12900
588,48,28656,1085,97,0,1400,3,9950
589,55,27500,1025,97,1,1400,3,9950
590,48,26938,1040,110,1,1600,3,10950
591,53,26624,1060,97,0,1400,5,10950
592,47,26221,1025,97,1,1400,3,9950
593,50,22648,1060,97,1,1400,5,10950
594,50,22500,1025,97,1,1400,3,10800
595,56,19313,1025,97,0,1400,3,10500
596,50,17619,1030,110,0,1600,4,10450
597,51,17069,1025,97,1,1400,3,10600
598,48,15000,1025,97,1,1400,3,10450
599,50,10210,1065,97,0,1400,5,12950
600,47,5309,1070,110,1,1600,3,11250
601,50,1,1260,90,1,2000,3,7500
602,52,31000,1025,97,0,1398,3,8950
603,58,205000,1100,72,1,2000,4,6950
604,68,204250,1115,72,0,2000,3,7900
605,68,194545,1000,86,0,1300,4,5950
606,59,190900,1115,72,1,2000,3,7500
607,62,183500,1140,72,1,2000,5,7500
608,65,176184,1115,72,1,2000,3,6900
609,67,174833,1100,72,0,2000,4,5751
610,68,155720,1015,86,1,1300,3,6950
611,67,155500,1050,110,1,1600,5,7950
612,59,154783,1120,72,1,2000,3,7750
613,64,154462,1135,72,1,2000,5,7950
614,64,150585,1065,110,1,1600,3,8250
615,67,149000,1135,90,1,2000,5,6250
616,62,147636,1135,72,0,2000,5,9500
617,59,144521,1135,72,1,2000,5,6900
618,64,144000,1065,110,1,1600,3,8450
619,65,140168,1115,72,1,2000,3,7350
620,68,140000,1085,110,1,1600,5,8950
621,60,139800,1115,72,0,2000,3,6900
622,59,137050,1078,110,1,1600,3,8950
623,61,136956,1065,110,0,1600,3,8750
624,67,135337,1120,110,1,1600,5,7950
625,64,133769,1120,72,1,2000,3,8950
626,58,133405,1135,72,1,2000,5,8950
627,65,132807,1135,72,1,2000,5,8950
628,64,132393,1135,72,0,2000,5,7950
629,60,130270,1050,110,0,1600,3,7750
630,59,130000,1135,72,1,2000,4,7500
631,67,127000,1135,72,1,2000,5,8950
632,67,126800,1135,72,0,2000,5,9800
633,66,126452,1085,110,1,1600,5,9450
634,62,125175,1150,116,0,2000,5,8950
635,68,125000,1115,72,1,2000,3,8750
636,61,123000,1135,72,0,2000,5,10500
637,59,121626,1050,86,0,1300,5,7995
638,64,120400,1090,110,0,1600,5,10450
639,66,120000,1100,72,0,2000,4,9950
640,68,119541,1055,110,0,1600,3,9950
641,68,119500,1070,110,1,1600,5,8950
642,68,119289,1035,110,1,1600,4,7950
643,57,118833,1065,110,0,1600,3,10950
644,64,118000,1150,72,1,2000,5,9950
645,68,117955,1065,110,1,1600,4,8600
646,65,117609,1015,86,0,1300,3,7250
647,68,117000,1115,72,0,2000,3,6950
648,64,116000,1045,86,0,1300,5,8000
649,58,115715,1070,110,0,1600,5,9950
650,60,115191,1079,110,1,1600,4,9450
651,68,115071,1055,110,1,1600,3,7950
652,63,115000,1109,110,0,1600,3,9450
653,64,114846,1075,110,1,1600,5,9950
654,65,114383,1260,90,0,2000,3,6950
655,59,113700,1065,110,1,1600,5,8250
656,67,113118,1020,86,1,1300,3,9950
657,59,112827,1040,86,1,1300,5,8250
658,68,112116,1070,110,1,1600,5,9950
659,66,112000,1065,110,1,1600,3,10500
660,62,112000,1135,72,0,2000,4,7950
661,65,111769,1065,110,0,1600,3,9750
662,61,110853,1070,110,1,1600,5,9250
663,68,110287,1050,110,1,1600,3,9500
664,62,109547,1075,110,0,1600,5,9950
665,63,109230,1050,110,0,1600,3,7750
666,68,109150,1075,110,0,1600,5,9500
667,67,108793,1035,110,1,1600,4,9950
668,64,106784,1050,110,0,1600,3,9750
669,58,105942,1040,86,0,1300,5,9750
670,59,105000,1015,86,1,1300,3,5950
671,62,105000,1040,86,0,1300,5,8500
672,68,104299,1085,110,1,1600,5,8495
673,67,104000,1020,86,0,1300,3,9250
674,68,104000,1015,86,1,1300,3,6900
675,58,103458,1025,86,1,1300,3,8950
676,63,103400,1075,110,1,1600,5,9500
677,63,102807,1055,86,0,1300,5,9250
678,68,102494,1090,110,0,1600,5,9895
679,57,102300,1135,72,1,2000,5,9950
680,61,102106,1050,110,0,1600,3,7950
681,68,101889,1075,110,1,1600,5,8750
682,57,101791,1115,72,0,2000,3,8250
683,63,101469,1065,110,1,1600,3,8950
684,68,101001,1075,110,0,1600,5,8950
685,61,100748,1070,110,0,1600,5,8950
686,65,100550,1075,110,1,1600,5,8950
687,67,99781,1085,110,1,1600,5,9450
688,59,98658,1020,86,1,1300,3,8950
689,65,98500,1075,110,1,1600,5,9250
690,64,98291,1000,86,0,1300,4,8750
691,61,97648,1065,110,1,1600,3,9950
692,61,97425,1075,110,1,1600,5,9950
693,65,97173,1015,86,0,1300,3,9900
694,66,97046,1000,86,1,1300,4,8950
695,67,96000,1050,110,1,1600,3,8950
696,60,96000,1100,72,0,2000,4,12250
697,67,95750,1070,110,1,1600,5,9250
698,61,95147,1050,110,1,1600,3,10250
699,68,95000,1050,110,0,1600,3,8950
700,65,95000,1050,110,1,1600,3,7999
701,66,94606,1065,110,0,1600,3,9900
702,63,94504,1000,86,1,1300,4,8250
703,65,93428,1075,110,1,1600,5,10500
704,65,93408,1015,86,0,1300,3,8450
705,68,93296,1090,110,1,1600,5,9900
706,62,93098,1075,110,1,1600,5,10500
707,67,92922,1100,72,1,2000,4,8500
708,61,92498,1050,110,1,1600,3,9500
709,65,92226,1065,110,0,1600,3,9450
710,68,91505,1115,72,0,2000,3,9900
711,64,91333,1050,110,1,1600,3,8250
712,65,91246,1015,86,1,1300,3,8750
713,58,91000,1075,110,1,1600,5,9500
714,68,90727,1050,110,0,1600,3,8450
715,62,90000,1050,110,0,1600,3,8490
716,60,89576,1035,110,0,1600,4,8750
717,64,89145,1025,86,1,1300,3,9750
718,63,89000,1085,110,1,1600,5,9950
719,68,88807,1050,110,0,1600,3,8500
720,63,88685,1070,110,0,1600,5,8450
721,62,88667,1040,110,1,1600,4,7900
722,57,88480,1050,110,1,1600,3,8750
723,61,88127,1015,86,0,1300,3,7950
724,62,88000,1020,86,0,1300,3,6900
725,65,87821,1015,86,1,1300,3,8150
726,59,87654,1065,86,1,1300,5,10995
727,59,86888,1050,110,1,1600,3,8900
728,59,86871,1040,86,1,1300,5,9500
729,68,86714,1035,110,1,1600,4,8950
730,65,85889,1065,110,0,1600,3,11500
731,62,85000,1050,110,1,1600,3,10450
732,60,85000,1025,86,1,1300,3,10500
733,68,84976,1035,110,1,1600,4,9250
734,65,84558,1120,110,1,1600,5,10950
735,62,84549,1075,110,0,1600,5,10450
736,68,84482,1075,110,1,1600,5,9250
737,62,83908,1070,110,1,1600,5,8750
738,67,83560,1015,86,0,1300,3,8750
739,68,83000,1100,107,1,1600,5,9800
740,64,82723,1015,86,0,1300,3,8250
741,62,82421,1065,110,1,1600,3,10450
742,58,82254,1050,110,0,1600,5,9750
743,61,82115,1055,110,1,1600,3,8950
744,65,82000,1015,86,1,1300,3,7450
745,68,81965,1035,86,1,1300,5,8450
746,66,81250,1050,110,0,1600,3,8250
747,65,81192,1065,110,1,1600,3,10950
748,61,81170,1040,110,1,1600,4,8950
749,66,81083,1015,86,0,1300,3,8750
750,61,80714,1075,110,1,1600,5,10450
751,57,80470,1085,110,0,1600,5,10950
752,65,80439,1035,110,1,1600,4,8450
753,59,80430,1065,110,1,1600,3,9950
754,68,80426,1055,110,1,1600,3,9950
755,62,80265,1015,86,0,1300,3,8750
756,65,80153,1070,110,0,1600,5,9950
757,68,80121,1070,110,0,1600,5,9500
758,65,80086,1035,110,1,1600,4,8250
759,62,80000,1075,110,0,1600,5,10950
760,60,80000,1015,86,0,1300,5,7950
761,65,80000,1015,86,1,1300,2,8250
762,67,79858,1040,110,1,1600,4,9895
763,67,79762,1015,86,1,1300,3,9130
764,59,79660,1065,86,0,1300,5,10950
765,60,79150,1075,110,1,1600,5,10500
766,61,79000,1050,110,1,1600,3,8900
767,57,78955,1045,86,1,1300,5,9500
768,59,78750,1155,90,1,1975,5,10950
769,68,78521,1015,86,0,1300,3,7950
770,64,78356,1015,86,1,1300,3,7950
771,65,78076,1015,86,1,1300,3,7950
772,61,78063,1100,107,1,1600,5,9500
773,67,77821,1075,110,1,1600,5,10950
774,68,77695,1035,110,1,1600,4,9750
775,65,77500,1050,110,1,1600,3,9750
776,63,77457,1055,110,1,1600,3,9450
777,68,77029,1015,86,1,1300,3,8950
778,68,77008,1015,86,1,1300,3,8950
779,66,76791,1070,110,1,1600,5,8900
780,61,76700,1035,86,1,1300,5,9950
781,67,76569,1020,86,1,1300,3,8750
782,59,76162,1075,110,1,1600,5,8950
783,65,76155,1035,110,1,1600,4,8990
784,61,75609,1015,86,1,1300,3,8950
785,62,75569,1120,72,1,2000,3,8950
786,67,75429,1065,110,1,1600,3,9950
787,68,75000,1075,110,1,1600,5,9900
788,65,75000,1015,86,0,1300,3,8950
789,62,75000,1070,110,1,1600,5,8950
790,66,74963,1085,107,0,1600,3,9500
791,68,74889,1015,86,1,1300,3,7950
792,68,74875,1070,110,0,1600,5,7750
793,63,74747,1075,110,1,1600,5,8950
794,60,74720,1085,110,1,1600,5,11950
795,62,74457,1075,110,0,1600,5,8950
796,60,74337,1035,86,0,1300,5,11950
797,68,74308,1050,110,0,1600,3,8950
798,64,74193,1050,110,0,1600,3,9950
799,65,74179,1050,110,1,1600,3,8250
800,67,73936,1050,86,1,1300,5,8995
801,61,73894,1065,110,1,1600,3,9995
802,64,73500,1050,110,1,1600,3,9250
803,64,73376,1070,110,0,1600,5,10950
804,64,73300,1015,86,1,1300,3,8900
805,58,73172,1075,110,1,1600,5,9500
806,58,72928,1075,110,1,1600,5,9950
807,67,72880,1015,86,1,1332,3,7950
808,63,72522,1050,110,1,1600,3,8250
809,64,72000,1015,86,1,1300,3,9450
810,57,72000,1015,86,0,1300,3,7950
811,59,71366,1065,110,0,1600,3,9500
812,65,71317,1050,110,0,1600,3,8950
813,62,71000,1070,110,0,1600,5,10950
814,60,70954,1050,110,0,1600,3,8950
815,63,70908,1035,86,0,1300,5,9450
816,58,70560,1050,110,1,1600,3,8000
817,67,70552,1075,110,0,1600,5,9900
818,62,70500,1035,110,1,1600,5,8950
819,60,70453,1135,72,0,2000,5,10900
820,59,70218,1050,110,1,1600,3,9450
821,64,70116,1035,110,1,1600,4,8450
822,65,70068,1075,110,1,1600,5,9500
823,67,70000,1065,107,1,1587,3,10500
824,68,70000,1015,86,1,1300,3,6950
825,68,69103,1035,110,0,1600,4,9750
826,58,69022,1035,86,1,1300,5,6950
827,67,69000,1065,110,1,1600,3,9650
828,68,68865,1065,110,1,1600,3,9950
829,58,68723,1025,86,0,1300,3,9250
830,63,68453,1070,110,1,1600,5,8950
831,63,68238,1050,86,0,1300,5,9900
832,63,68153,1085,110,1,1600,5,10995
833,65,68000,1075,110,0,1600,5,10500
834,65,68000,1015,86,1,1300,3,8950
835,67,67762,1065,110,1,1600,3,9750
836,68,67146,1075,110,1,1600,5,10950
837,67,67110,1035,86,1,1300,5,9750
838,59,67010,1065,110,1,1600,3,9950
839,65,67003,1035,110,1,1600,4,10500
840,68,66785,1045,86,0,1300,3,10400
841,68,66550,1010,86,0,1332,3,8800
842,61,66259,1065,110,1,1600,3,10500
843,62,66082,1070,110,0,1600,5,9250
844,65,66000,1015,86,1,1300,3,7800
845,61,66000,1050,110,0,1600,3,9950
846,63,65896,1065,110,1,1600,3,10750
847,67,65785,1075,110,1,1600,5,10950
848,65,65513,1070,110,1,1600,4,9950
849,59,65463,1070,110,1,1600,5,9950
850,68,65400,1000,86,1,1300,4,8100
851,60,65259,1050,110,1,1600,3,9250
852,64,65000,1050,110,1,1600,3,7800
853,68,65000,1070,110,0,1600,5,9000
854,57,65000,1035,110,0,1600,4,8950
855,62,64966,1020,86,0,1300,3,8950
856,68,64950,1075,110,1,1600,5,9950
857,60,64914,1070,110,1,1600,5,8500
858,62,64797,1075,110,1,1600,5,7995
859,65,64772,1050,110,1,1600,3,8750
860,63,64690,1020,86,0,1300,3,9750
861,65,64630,1070,110,0,1600,5,10950
862,67,64613,1085,110,1,1600,5,9750
863,60,64383,1015,86,0,1300,3,8200
864,68,64000,1075,110,0,1600,5,8950
865,66,63881,1015,86,0,1300,3,9500
866,58,63870,1135,72,0,2000,5,10950
867,66,63328,1065,86,0,1300,5,9750
868,65,63000,1065,86,1,1300,5,9950
869,61,63000,1050,86,0,1300,3,10450
870,65,62396,1050,110,0,1600,3,9850
871,62,62377,1075,110,1,1600,5,9450
872,67,62316,1050,110,1,1600,3,10295
873,68,62292,1065,110,1,1600,3,9750
874,65,62225,1050,110,1,1600,3,8950
875,68,62222,1075,110,0,1600,5,9900
876,66,62135,1035,86,1,1300,5,8750
877,58,62024,1075,110,1,1600,5,9950
878,60,61977,1015,86,1,1300,3,8500
879,62,61930,1035,110,1,1600,4,9950
880,57,61682,1050,110,0,1600,3,10950
881,68,61568,1035,110,1,1600,4,9795
882,68,61504,1035,110,1,1600,4,8750
883,65,61384,1050,110,1,1600,3,8250
884,58,61343,1075,110,1,1600,5,9950
885,62,61254,1075,110,0,1600,5,9950
886,59,61166,1050,110,1,1600,3,10500
887,62,61149,1040,86,1,1300,5,9750
888,61,61144,1090,110,1,1600,5,11250
889,59,61127,1050,110,1,1600,3,8900
890,60,61100,1015,86,1,1300,3,7950
891,68,61100,1075,110,1,1600,5,11500
892,57,61000,1050,110,1,1600,3,9450
893,65,60724,1015,86,1,1300,3,7995
894,59,60708,1045,86,1,1300,5,10995
895,61,60532,1050,110,1,1600,3,8950
896,67,60000,1030,86,0,1300,4,8250
897,66,60000,1015,86,1,1300,3,8950
898,65,60000,1015,86,1,1300,3,8950
899,62,59295,1035,86,0,1300,5,9500
900,65,59264,1015,86,0,1300,3,7500
901,63,59000,1050,110,0,1600,3,8950
902,63,59000,1035,86,1,1300,5,9950
903,65,59000,1075,110,0,1600,5,9750
904,61,59000,1070,110,1,1600,5,9450
905,65,59000,1050,110,0,1600,3,9950
906,68,58860,1055,110,1,1600,3,9750
907,65,58829,1050,110,0,1600,3,8950
908,66,58654,1070,110,1,1600,5,8250
909,65,58300,1015,86,1,1300,3,7750
910,60,58269,1050,110,1,1600,3,8950
911,64,58136,1075,110,1,1600,5,9950
912,66,58113,1085,107,1,1600,3,9450
913,67,58058,1065,110,1,1600,3,12950
914,58,58000,1050,110,1,1600,3,9950
915,62,58000,1065,110,1,1600,3,10495
916,68,57565,1035,86,1,1300,5,7950
917,63,57413,1115,107,0,1600,5,10500
918,65,57374,1075,110,1,1600,5,8950
919,62,57179,1075,110,1,1600,5,9900
920,61,57169,1065,110,1,1600,3,9995
921,63,57124,1065,110,1,1600,3,9950
922,63,57000,1050,110,1,1600,3,9950
923,67,57000,1050,110,0,1600,3,8250
924,63,57000,1035,86,1,1300,5,9950
925,59,56259,1015,86,0,1300,3,8950
926,62,56209,1080,107,1,1600,3,10950
927,67,56074,1000,86,0,1300,4,9250
928,63,55942,1070,110,1,1600,5,9950
929,57,55844,1045,86,1,1300,5,9995
930,61,55747,1020,86,0,1300,3,8750
931,58,55478,1045,86,0,1300,5,10950
932,60,55085,1105,107,0,1600,5,10350
933,65,55061,1070,110,1,1600,5,9950
934,65,55000,1015,86,1,1300,3,8950
935,57,55000,1075,110,0,1600,5,10950
936,63,54936,1075,110,1,1600,5,10950
937,68,54875,1070,110,1,1600,5,8950
938,67,54847,1050,110,0,1600,3,8900
939,60,54554,1065,110,1,1600,3,10250
940,61,54125,1035,110,1,1600,5,9450
941,61,54000,1055,110,1,1600,3,9250
942,57,54000,1075,110,1,1600,5,10500
943,58,54000,1035,86,0,1300,5,7350
944,57,54000,1135,110,1,1600,3,10250
945,62,53285,1075,110,1,1600,5,10250
946,65,53053,1075,110,1,1600,5,11500
947,68,53000,1075,110,1,1587,3,8950
948,68,53000,1015,86,0,1300,3,7750
949,64,52968,1050,110,1,1600,3,9500
950,67,52800,1015,86,1,1300,3,8450
951,57,52548,1050,110,0,1600,3,8950
952,60,52487,1035,110,1,1600,4,8400
953,66,52383,1015,86,0,1300,3,9250
954,61,52112,1035,110,1,1600,4,8900
955,58,51712,1050,110,0,1600,3,8750
956,58,51421,1105,110,0,1600,5,10950
957,61,51235,1000,86,1,1300,4,8950
958,65,51000,1015,86,1,1300,3,8950
959,61,50925,1070,110,1,1600,5,8895
960,66,50806,1320,86,0,1300,3,9390
961,59,50469,1070,110,1,1600,5,8750
962,61,50173,1075,110,1,1600,5,9750
963,62,50000,1075,110,1,1600,5,9950
964,65,49942,1065,110,0,1600,3,10950
965,67,49585,1085,110,0,1600,5,9900
966,62,49258,1035,110,1,1600,4,9500
967,61,49000,1050,110,0,1600,3,9950
968,63,48738,1055,110,0,1600,5,9950
969,62,47750,1040,86,1,1300,5,10500
970,63,47612,1015,86,0,1300,3,9950
971,68,47500,1035,86,1,1300,5,10495
972,66,47237,1050,110,0,1600,3,9500
973,58,47171,1015,86,1,1300,3,8500
974,60,47060,1035,110,0,1600,4,10450
975,65,47014,1015,86,1,1300,3,8950
976,59,46929,1025,86,1,1300,3,9900
977,63,46000,1035,86,0,1300,5,8900
978,65,45681,1050,110,0,1600,3,8745
979,65,45549,1015,86,1,1300,3,8750
980,57,45000,1050,110,1,1600,5,10750
981,57,45000,1050,110,1,1600,3,9750
982,65,45000,1075,110,0,1600,5,8850
983,66,45000,1035,86,1,1300,5,7950
984,63,45000,1035,110,1,1600,4,9450
985,61,45000,1085,107,0,1600,3,9950
986,63,44944,1035,110,1,1600,4,8250
987,61,44597,1015,86,0,1300,3,9950
988,68,44458,1015,86,0,1300,3,9995
989,59,43818,1070,110,0,1600,5,9950
990,60,43426,1070,110,1,1600,5,10495
991,58,43000,1114,110,1,1600,4,7950
992,68,43000,1035,110,1,1600,5,8950
993,57,43000,1075,110,0,1600,5,9695
994,64,43000,1015,86,0,1300,3,7750
995,68,42750,1050,110,1,1600,3,9950
996,67,42102,1075,110,1,1600,5,9950
997,63,41586,1114,110,1,1600,5,9950
998,64,41200,1070,110,0,1600,5,9900
999,57,40214,1025,86,0,1300,3,10950
1000,60,40000,1000,86,1,1300,4,8950
1001,66,39222,1045,86,1,1300,3,8950
1002,66,39144,1050,110,1,1600,3,8250
1003,62,39000,1075,110,1,1600,5,10250
1004,61,38019,1070,110,1,1600,5,8750
1005,68,37759,1070,110,1,1600,5,9750
1006,61,37500,1085,110,0,1600,5,10950
1007,60,37111,1050,110,1,1600,3,10950
1008,62,37000,1015,86,0,1300,3,9750
1009,59,36954,1050,110,1,1600,3,8900
1010,60,36943,1070,110,0,1600,5,9500
1011,63,36923,1050,86,0,1300,5,9950
1012,66,36658,1050,110,0,1600,3,9950
1013,65,36000,1015,86,1,1300,3,8250
1014,65,36000,1065,110,1,1600,3,10450
1015,62,35512,1065,110,1,1600,3,10950
1016,65,35283,1015,86,1,1300,3,9250
1017,68,35000,1050,110,1,1600,3,8900
1018,57,35000,1045,86,1,1300,5,10900
1019,64,34114,1050,110,0,1600,3,9750
1020,58,34000,1075,110,0,1600,5,11950
1021,68,33847,1000,86,1,1300,4,7900
1022,57,33535,1035,110,0,1600,4,10900
1023,65,33000,1050,110,0,1600,3,10450
1024,59,32150,1085,110,1,1600,5,10950
1025,65,31588,1015,86,1,1300,3,9950
1026,60,31480,1065,110,1,1600,3,10750
1027,57,31307,1070,110,1,1600,5,9900
1028,68,31000,1035,110,1,1600,4,10750
1029,58,30634,1075,110,1,1600,5,10450
1030,68,30300,1000,86,1,1300,4,9450
1031,60,28500,1045,86,1,1300,3,10750
1032,60,28500,1075,110,0,1600,5,10950
1033,57,28000,1015,86,0,1300,3,10000
1034,68,26698,1055,110,0,1600,3,10500
1035,62,26000,1085,107,0,1600,3,12500
1036,62,25505,1035,86,1,1300,5,8950
1037,58,25000,1075,110,1,1600,5,10500
1038,66,22835,1050,110,1,1600,3,9245
1039,59,22705,1075,110,1,1600,5,10950
1040,63,22178,1015,86,1,1300,3,9500
1041,62,17345,1050,110,1,1600,3,10900
1042,67,15535,1030,86,1,1300,4,10950
1043,66,15110,1035,86,0,1300,5,9450
1044,73,232940,1172,72,0,2000,5,5900
1045,79,218118,1150,72,0,2000,5,6950
1046,78,217764,1135,72,1,2000,5,6000
1047,79,207114,1114,110,1,1600,5,5250
1048,74,203254,1135,72,1,2000,3,4400
1049,77,200732,1100,72,1,2000,4,6750
1050,69,197501,1135,72,0,2000,5,8500
1051,80,194765,1120,72,0,2000,3,6150
1052,76,191620,1150,72,0,2000,5,6950
1053,76,183277,1115,72,0,2000,3,5750
1054,78,180378,1100,72,1,2000,4,8750
1055,70,178800,1115,72,0,2000,3,6500
1056,73,176177,1075,110,1,1600,5,5950
1057,78,176000,1035,86,0,1300,5,6500
1058,77,172980,1135,72,1,2000,5,10500
1059,77,170000,1100,72,0,2000,4,8500
1060,71,164000,1050,110,1,1600,3,7950
1061,78,161775,1015,86,1,1300,3,5800
1062,80,160000,1015,86,0,1300,3,6750
1063,78,159968,1115,72,0,2000,3,6950
1064,74,159908,1050,110,0,1600,3,5740
1065,73,158492,1015,86,0,1300,3,6550
1066,69,156204,1115,72,1,2000,3,8950
1067,73,156169,1035,86,1,1300,5,6750
1068,78,155210,1050,110,0,1600,3,7950
1069,69,155000,1115,72,0,2000,3,7950
1070,76,154900,1140,72,1,2000,5,7450
1071,70,151300,1150,72,1,2000,5,7750
1072,71,151000,1094,110,1,1600,5,6450
1073,75,150000,1135,72,1,2000,3,7900
1074,69,146304,1115,72,1,2000,3,6900
1075,75,146197,1015,86,0,1300,3,5600
1076,77,145996,1035,110,0,1600,4,5950
1077,80,143560,1045,86,1,1300,3,6950
1078,71,139145,1115,73,0,2000,2,7950
1079,79,138500,1050,86,0,1300,5,8950
1080,74,137741,1135,90,1,2000,5,7950
1081,80,137178,1135,90,1,2000,5,9500
1082,76,134889,1115,72,1,2000,3,8600
1083,71,134660,1135,72,0,2000,5,5950
1084,73,134539,1070,110,0,1600,5,7750
1085,79,131500,1140,72,0,2000,5,7950
1086,77,131307,1050,110,1,1600,3,6950
1087,74,130025,1050,110,1,1600,3,7250
1088,78,130000,1015,86,0,1300,5,6500
1089,77,128960,1070,110,1,1600,5,7250
1090,80,128351,1070,110,1,1600,5,9250
1091,73,128006,1050,110,1,1600,3,8250
1092,71,127159,1115,72,1,2000,3,7250
1093,72,126478,1035,110,1,1600,4,5250
1094,77,126000,1050,110,1,1600,5,7900
1095,76,125778,1050,110,0,1600,3,6900
1096,75,125400,1050,110,0,1600,3,7900
1097,74,124910,1135,72,0,2000,5,7250
1098,70,124743,1050,110,1,1600,3,8450
1099,76,124591,1075,110,1,1600,5,7950
1100,74,124057,1050,110,1,1600,3,7950
1101,72,123403,1050,110,1,1600,3,6450
1102,75,123104,1070,110,1,1600,5,6650
1103,74,123077,1015,86,1,1300,3,7950
1104,80,122820,1040,86,0,1300,5,7250
1105,77,122290,1050,110,0,1600,3,7450
1106,74,121900,1035,110,1,1600,4,7950
1107,77,121545,1070,110,1,1600,5,7250
1108,71,120474,1115,72,1,2000,3,8250
1109,76,120263,1135,72,1,2000,5,8950
1110,74,120196,1050,110,1,1600,3,7750
1111,71,120000,1085,110,0,1600,5,8500
1112,78,120000,1075,110,0,1600,5,7750
1113,73,115877,1035,110,0,1600,4,5750
1114,76,115345,1070,110,1,1600,5,6900
1115,71,115157,1050,110,1,1600,3,6500
1116,78,115000,1100,107,1,1600,5,6500
1117,77,114258,1050,86,1,1300,5,7600
1118,73,112963,1135,72,1,2000,5,8950
1119,74,112307,1070,110,1,1600,5,7450
1120,72,112000,1015,86,1,1300,3,7350
1121,73,111602,1015,86,1,1300,3,7750
1122,80,111392,1083,110,0,1598,3,7460
1123,76,110901,1085,110,1,1600,5,9250
1124,80,110887,1055,110,1,1600,3,7250
1125,72,110634,1015,86,1,1300,3,6500
1126,80,110000,1035,110,1,1600,4,6800
1127,75,109540,1085,110,0,1600,5,8700
1128,78,109263,1070,110,0,1600,5,7500
1129,71,107516,1050,110,1,1600,3,7750
1130,73,107108,1050,110,1,1600,3,7950
1131,75,107000,1050,110,1,1600,3,9950
1132,74,106250,1070,110,0,1600,5,6640
1133,71,106150,1015,86,0,1300,3,8750
1134,72,106108,1050,110,1,1600,3,7750
1135,72,105856,1015,86,0,1300,3,5950
1136,77,105152,1015,86,0,1300,3,6750
1137,80,105135,1050,110,1,1600,3,6500
1138,76,104344,1050,110,1,1600,3,8750
1139,74,104150,1050,110,1,1600,3,7950
1140,74,104000,1010,86,1,1300,3,6750
1141,73,103121,1035,86,1,1300,5,7950
1142,80,102300,1015,86,1,1300,3,7950
1143,75,102005,1105,107,1,1600,5,8950
1144,77,102000,1015,86,1,1300,3,7750
1145,75,101855,1070,110,1,1600,5,6450
1146,74,101773,1050,110,0,1600,3,6900
1147,75,101159,1085,110,1,1600,5,8450
1148,74,101000,1015,86,0,1300,3,6750
1149,74,100732,1030,86,1,1300,4,8050
1150,79,100719,1070,110,0,1600,5,9500
1151,78,100487,1035,110,0,1600,4,7750
1152,80,100458,1085,110,0,1600,5,8500
1153,75,100192,1050,110,1,1600,3,7795
1154,80,100123,1050,110,1,1600,3,6490
1155,73,99971,1050,110,1,1600,3,7950
1156,79,99397,1035,86,0,1300,5,6425
1157,69,99374,1035,86,1,1300,5,8950
1158,72,99245,1114,110,1,1600,5,6950
1159,79,98742,1085,110,0,1600,5,8750
1160,71,98154,1050,110,1,1600,3,8450
1161,77,98000,1065,110,1,1600,5,7950
1162,80,97548,1035,86,0,1300,5,7950
1163,78,97534,1070,110,1,1600,5,8900
1164,73,97494,1085,110,1,1600,5,8950
1165,73,97085,1085,110,1,1600,5,8900
1166,69,97000,1035,110,0,1600,4,7950
1167,74,96302,1015,86,1,1300,3,6495
1168,78,96000,1015,86,1,1300,3,7250
1169,74,96000,1085,110,1,1600,5,9250
1170,78,95909,1070,110,1,1600,5,6650
1171,79,95700,1085,110,0,1600,5,6990
1172,78,95651,1070,110,1,1600,5,7750
1173,79,95000,1035,86,1,1300,5,6950
1174,80,94447,1050,110,0,1600,3,7250
1175,80,94079,1085,110,1,1600,5,9950
1176,80,93841,1070,110,0,1600,5,9250
1177,79,93090,1035,86,1,1300,5,7200
1178,72,93066,1075,110,1,1600,5,8250
1179,79,93039,1050,110,1,1600,3,8950
1180,77,93000,1075,110,1,1600,5,8250
1181,80,92830,1015,86,1,1300,3,6250
1182,80,92255,1105,107,0,1600,5,9900
1183,80,92096,1035,86,1,1300,5,7300
1184,72,91921,1020,86,1,1300,3,8950
1185,70,91900,1015,86,1,1300,3,6500
1186,78,91399,1070,110,1,1600,5,7950
1187,75,91082,1050,110,1,1600,3,7450
1188,71,90370,1035,86,1,1300,5,7950
1189,78,90345,1035,86,1,1300,5,8500
1190,77,90305,1015,86,1,1300,3,6950
1191,78,90011,1045,86,0,1300,3,7950
1192,77,90000,1015,86,1,1300,3,6750
1193,70,89983,1055,110,0,1600,3,8450
1194,78,89953,1114,110,0,1600,5,7500
1195,74,89800,1115,72,1,2000,3,8750
1196,79,89739,1035,86,1,1300,5,8750
1197,76,89520,1050,110,1,1600,3,8950
1198,75,89507,1015,86,0,1300,3,7450
1199,69,89096,1085,110,1,1600,5,9200
1200,74,88700,1050,110,1,1600,3,8950
1201,72,88500,1075,110,1,1600,5,7850
1202,73,88186,1115,72,1,2000,3,6950
1203,75,88000,1050,110,1,1600,3,7200
1204,78,87743,1055,110,0,1600,3,7450
1205,75,87613,1015,86,0,1300,3,6750
1206,73,87358,1050,110,1,1600,3,7500
1207,72,87083,1035,110,0,1600,4,7450
1208,70,87000,1035,110,1,1600,4,7950
1209,78,87000,1035,110,1,1600,4,7250
1210,73,87000,1015,86,1,1300,3,7950
1211,80,87000,1015,86,1,1300,3,8250
1212,72,86860,1075,110,0,1600,5,8250
1213,80,86109,1055,110,1,1600,3,6750
1214,79,86000,1040,86,1,1300,5,8750
1215,80,86000,1050,110,0,1600,3,8950
1216,70,85864,1135,72,1,2000,5,8500
1217,80,85565,1070,110,0,1600,5,8250
1218,70,85470,1080,107,0,1600,3,9450
1219,73,85200,1050,110,1,1600,3,7950
1220,70,85000,1055,110,1,1600,3,7900
1221,73,84988,1050,110,1,1600,3,8500
1222,79,84966,1070,110,0,1600,5,8250
1223,76,84472,1070,110,1,1600,5,8250
1224,73,84402,1035,110,1,1600,4,8950
1225,74,84123,1050,110,0,1600,3,7950
1226,80,84000,1075,110,0,1600,5,6950
1227,78,84000,1065,110,1,1600,5,7250
1228,77,84000,1085,110,1,1600,5,7750
1229,75,83850,1055,110,1,1600,3,8700
1230,80,83540,1070,110,1,1600,5,8950
1231,76,83405,1070,110,1,1600,5,6750
1232,71,83291,1070,110,1,1600,5,7500
1233,69,83133,1015,86,0,1300,3,7950
1234,71,83047,1045,86,1,1300,3,8950
1235,71,82700,1050,110,0,1600,3,7950
1236,78,82675,1015,86,0,1300,3,7450
1237,78,82595,1015,86,1,1300,3,5950
1238,75,82256,1050,110,1,1600,3,7750
1239,77,82103,1015,86,1,1300,3,6950
1240,80,82021,1035,86,1,1300,5,8750
1241,71,82000,1075,110,1,1600,5,8950
1242,79,81988,1070,110,1,1600,5,7495
1243,76,81930,1070,110,0,1600,5,7750
1244,70,81663,1050,110,0,1600,3,6950
1245,77,80486,1070,110,1,1600,5,7990
1246,78,80000,1065,110,1,1600,4,7250
1247,69,79000,1015,86,0,1300,3,6900
1248,74,78894,1070,110,0,1600,5,7750
1249,78,78689,1035,110,0,1600,4,7250
1250,77,78435,1015,86,0,1300,3,8950
1251,71,78260,1050,110,0,1600,3,8500
1252,72,78120,1075,110,1,1600,5,7950
1253,77,77000,1015,86,0,1300,3,6950
1254,78,77000,1050,110,0,1600,3,8000
1255,75,76382,1055,110,1,1600,3,7950
1256,76,76268,1015,86,1,1300,3,8500
1257,73,76151,1015,86,1,1300,3,7490
1258,80,76000,1050,110,0,1600,3,8250
1259,71,76000,1070,110,1,1600,5,9250
1260,72,75840,1035,86,0,1300,5,7950
1261,77,75799,1050,110,1,1600,3,9500
1262,72,75525,1114,110,1,1600,3,8950
1263,78,75323,1050,86,1,1300,5,8450
1264,79,75322,1115,110,1,1600,4,7995
1265,78,75226,1035,110,0,1600,4,8750
1266,71,75085,1035,86,0,1300,5,5950
1267,73,75000,1075,110,0,1600,5,8500
1268,69,75000,1000,86,1,1300,4,8950
1269,69,75000,1000,86,1,1300,4,8750
1270,78,74926,1075,110,1,1600,5,7600
1271,80,74785,1070,110,1,1600,5,7145
1272,69,74573,1085,110,1,1600,5,8450
1273,75,74567,1015,86,1,1300,3,5950
1274,80,74196,1075,110,0,1600,5,9000
1275,80,74151,1050,110,1,1600,3,7250
1276,75,74096,1050,110,1,1600,3,7400
1277,79,74093,1075,110,1,1600,5,8800
1278,71,74000,1050,110,0,1600,3,7750
1279,75,74000,1015,86,1,1300,3,7500
1280,78,73638,1015,86,1,1300,4,8450
1281,75,73460,1070,110,1,1600,5,7400
1282,80,73200,1070,110,1,1600,5,7500
1283,76,73116,1075,110,1,1600,5,8950
1284,70,73014,1075,110,1,1600,5,8950
1285,77,72703,1050,110,1,1600,3,7950
1286,79,72328,1075,110,1,1600,5,7950
1287,78,72222,1070,110,1,1600,5,7950
1288,71,72128,1100,107,1,1600,5,8950
1289,78,72090,1070,110,1,1600,5,7750
1290,78,72000,1035,110,1,1600,4,8250
1291,78,72000,1055,110,0,1600,3,7950
1292,77,71900,1015,86,1,1300,3,7750
1293,77,71825,1075,110,0,1600,5,8500
1294,80,71740,1070,110,1,1600,5,6950
1295,80,71500,1035,110,1,1600,4,7500
1296,79,71359,1050,110,1,1600,3,7750
1297,79,71263,1015,86,0,1300,3,5950
1298,78,71186,1050,110,0,1600,3,7500
1299,72,71054,1045,86,0,1300,3,8950
1300,76,71000,1050,110,1,1600,3,7950
1301,80,70939,1100,110,1,1600,5,6900
1302,77,70932,1050,110,1,1600,3,7450
1303,80,70597,1080,107,1,1600,3,8500
1304,73,70482,1075,110,1,1600,5,7500
1305,77,70124,1050,110,1,1600,3,8750
1306,76,70039,1050,110,1,1600,3,7500
1307,80,69904,1070,110,0,1600,5,9950
1308,75,69388,1010,86,0,1300,3,7950
1309,75,69320,1070,110,1,1600,5,9950
1310,78,69000,1075,110,1,1600,5,9250
1311,73,68988,1035,86,1,1300,5,9250
1312,79,68945,1085,110,1,1600,5,9950
1313,74,68285,1050,110,1,1600,3,5950
1314,76,68000,1075,110,1,1600,5,7995
1315,70,68000,1045,86,1,1300,3,8950
1316,75,67451,1000,86,1,1300,4,7450
1317,76,67266,1035,86,1,1300,5,8250
1318,78,67255,1085,110,0,1600,5,8500
1319,70,67100,1075,110,1,1600,5,8500
1320,69,67092,1115,72,1,2000,3,9400
1321,80,66880,1055,110,1,1600,3,7250
1322,79,66855,1075,110,1,1600,5,8950
1323,80,66843,1075,110,1,1600,5,9450
1324,74,66718,1050,110,1,1600,3,8500
1325,80,66168,1015,86,1,1300,3,6750
1326,80,65950,1070,110,0,1600,5,7400
1327,78,65500,1015,86,1,1300,3,8950
1328,80,65307,1055,110,1,1600,3,6900
1329,79,65254,1015,86,1,1300,3,7750
1330,71,65021,1115,72,1,2000,3,8950
1331,75,65006,1015,86,1,1300,3,6950
1332,77,64280,1035,110,0,1600,4,8495
1333,75,64000,1085,107,0,1600,3,10000
1334,71,64000,1070,110,1,1600,5,6999
1335,80,64000,1055,110,0,1600,3,8950
1336,79,63918,1035,110,0,1600,4,8500
1337,75,63634,1035,110,1,1600,4,8750
1338,80,63500,1050,110,1,1600,3,7499
1339,80,63266,1035,110,1,1600,4,9000
1340,77,62595,1050,110,1,1600,3,8950
1341,80,62581,1075,110,0,1600,5,6950
1342,77,62285,1075,110,1,1600,5,8500
1343,77,61906,1065,86,1,1300,5,8450
1344,74,61700,1070,110,0,1600,5,8950
1345,77,61648,1070,110,1,1600,5,8250
1346,75,61626,1035,86,0,1300,5,7950
1347,70,61510,1035,110,0,1600,4,7450
1348,79,61165,1080,107,1,1600,3,9000
1349,70,61000,1035,110,1,1600,4,7150
1350,76,60833,1035,110,1,1600,4,7750
1351,70,60600,1060,86,0,1300,3,5845
1352,72,60483,1075,110,1,1600,5,8500
1353,80,60476,1114,110,1,1600,5,8250
1354,79,60142,1050,110,0,1600,3,9450
1355,69,60050,1050,110,1,1600,3,6750
1356,77,60000,1050,110,1,1600,3,8400
1357,76,60000,1050,110,0,1600,3,7900
1358,76,59815,1055,110,1,1587,3,7950
1359,80,59326,1085,110,1,1600,5,8750
1360,73,59240,1050,110,1,1600,3,9900
1361,71,59164,1035,110,0,1600,4,6495
1362,70,59017,1080,107,1,1600,3,8250
1363,69,58952,1050,110,1,1600,3,6900
1364,74,58454,1015,86,1,1300,3,7500
1365,75,58341,1030,86,1,1300,4,7950
1366,80,58267,1070,110,1,1600,5,8250
1367,80,58000,1055,110,0,1600,3,8950
1368,70,57829,1050,110,0,1600,3,9750
1369,80,57787,1015,86,0,1300,3,8250
1370,78,57628,1075,110,0,1600,5,8900
1371,75,57537,1050,86,1,1300,5,8950
1372,76,57263,1050,110,1,1600,3,6750
1373,75,57144,1070,110,1,1600,5,7950
1374,69,57096,1025,86,1,1300,3,8600
1375,80,57000,1000,86,0,1300,4,7750
1376,73,56566,1050,110,1,1600,3,7800
1377,73,56307,1050,110,1,1600,3,8750
1378,79,56214,1015,86,0,1300,3,9500
1379,74,56132,1035,110,0,1600,4,7750
1380,79,55425,1075,110,0,1600,5,9950
1381,77,54439,1015,86,1,1300,3,7750
1382,69,53809,1050,110,1,1600,3,5950
1383,76,53133,1070,110,1,1600,5,10950
1384,77,52900,1075,110,1,1600,4,9450
1385,80,52700,1050,110,0,1600,3,8250
1386,69,52320,1070,110,0,1600,5,9750
1387,78,52287,1114,110,0,1600,5,7450
1388,75,52000,1075,110,0,1600,5,8750
1389,69,52000,1050,110,1,1600,3,8750
1390,73,52000,1065,110,1,1600,4,8500
1391,70,51874,1000,86,0,1300,4,8950
1392,79,49827,1035,86,1,1600,5,7500
1393,69,49640,1035,110,1,1600,4,7250
1394,80,49580,1035,110,1,1600,4,7450
1395,76,49170,1045,86,0,1300,3,8750
1396,77,48838,1070,110,0,1600,3,9800
1397,71,48576,1015,86,1,1300,3,7500
1398,75,48400,1075,110,1,1600,5,8950
1399,74,48242,1035,86,1,1300,5,8950
1400,70,47955,1070,110,1,1600,5,7450
1401,71,47633,1075,110,1,1600,5,8950
1402,78,47400,1040,86,1,1300,5,10500
1403,73,47360,1010,86,0,1300,3,7000
1404,77,45507,1050,110,1,1600,3,8500
1405,76,45410,1035,86,1,1300,5,7750
1406,70,44850,1050,110,1,1600,3,8950
1407,69,44826,1075,110,0,1600,5,8250
1408,80,44444,1070,110,1,1600,3,9250
1409,75,43720,1070,110,1,1600,5,7900
1410,78,43622,1000,86,1,1300,4,8500
1411,76,43532,1070,110,0,1600,5,7950
1412,69,42800,1050,110,1,1600,3,9950
1413,74,42317,1100,107,1,1600,5,8750
1414,80,42186,1050,110,1,1600,3,7500
1415,72,42000,1050,110,1,1600,3,6950
1416,79,40093,1114,110,0,1600,5,8950
1417,79,39800,1080,107,0,1600,3,8750
1418,73,39168,1015,86,0,1300,3,7750
1419,75,38945,1050,110,1,1600,3,8450
1420,76,36537,1075,110,0,1600,4,8150
1421,78,36000,1045,86,0,1300,3,8500
1422,78,36000,1050,110,1,1600,3,7600
1423,80,35821,1015,86,0,1300,3,7950
1424,73,34717,1015,86,0,1300,3,7750
1425,80,34000,1000,86,1,1300,4,7950
1426,78,30964,1080,110,0,1600,3,9950
1427,71,29000,1045,86,1,1300,3,8950
1428,72,26000,1015,86,0,1300,3,8450
1429,78,24000,1065,86,1,1300,5,8950
1430,80,23000,1015,86,0,1300,3,8450
1431,69,20544,1025,86,1,1300,3,7500
1432,72,19000,1015,86,0,1300,3,10845
1433,71,17016,1015,86,0,1300,3,8500
1434,70,16916,1015,86,1,1300,3,7250
1435,76,1,1114,110,0,1600,5,6950
